revised,revision_source,census_id,csdname,provider,pop_2021,office,election_type,ward_type,district_scope,districts,n_districts,seats_per_district,district_source_url,block_vote,max_votes,max_votes_source
FALSE,,3518005,Ajax,Leger,126666,"Councillor, Regional",Ward,MMD,Ward,Wards 1-3,3,1,https://elections.ajax.ca/voters,FALSE,1,
FALSE,,3518005,Ajax,Leger,126666,"Councillor, Local",Ward,MMD,Ward,Wards 1-3,3,1,https://elections.ajax.ca/voters,FALSE,1,
FALSE,,3519046,Aurora,EveryAnswer,62057,"Councillor, Ward",Ward,SMD,Ward,Wards 1-6,6,1,https://www.aurora.ca/your-government/elections-2026/auroras-ward-system/; https://www.aurora.ca/your-government/council-members/,FALSE,1,
FALSE,,3543042,Barrie,Leger,147829,Councillor,Ward,SMD,Ward,Wards 1-10,10,1,https://www.barrie.ca/government-news/mayor-council-committees/city-council,FALSE,1,
FALSE,,3521010,Brampton,Leger,656480,"Councillor, Regional",Ward,MMD,Ward-pair,1&5;2&6;3&4;7&8;9&10,5,1,https://elections2022.amo.on.ca/web/en/municipal/10108; https://www.brampton.ca/EN/City-Hall/Election,FALSE,1,
FALSE,,3521010,Brampton,Leger,656480,"Councillor, City",Ward,MMD,Ward-pair,1&5;2&6;3&4;7&8;9&10,5,1,https://www.brampton.ca/EN/City-Hall/election/Documents/2022%20Brampton%20Municipal%20Election%20-%20Official%20Results.pdf,FALSE,1,
FALSE,,3529006,Brantford,Leger,104688,Councillor,Ward,MMD,Ward,Wards 1-5,5,2,https://www.brantford.ca/your-government/city-council/,TRUE,2,https://www.brantford.ca/your-government/municipal-election/frequently-asked-questions/
FALSE,,3524002,Burlington,Leger,186948,"Councillor, City and Regional",Ward,SMD,Ward,Wards 1-6,6,1,https://www.burlington.ca/en/council-and-city-administration/council-members-and-wards.aspx,FALSE,1,
FALSE,,3530010,Cambridge,Leger,138479,"Councillor, Ward",Ward,SMD,Ward,Wards 1-8,8,1,https://www.cambridge.ca/mayor-city-council-government/elections/nominations-candidate-profiles/#RegionalCouncillors(Cambridge),FALSE,1,
FALSE,,3536020,Chatham-Kent,Leger,103988,Councillor,Ward,MMD,Ward,Wards 1;2;5;6;7;8,6,2,https://www.chatham-kent.ca/localgovernment/elections/Pages/2026-Municipal-Election.aspx,TRUE,2,https://www.chatham-kent.ca/localgovernment/elections/Pages/2026-Municipal-Election.aspx; https://www.chatham-kent.ca/localgovernment/elections/Documents/2026%20Resource%20Documents/Chatham-Kent%20Municipal%20Election%20Procedures.pdf
FALSE,,3536020,Chatham-Kent,Leger,103988,Councillor,Ward,MMD,Ward,Wards 3;4,2,1,https://www.chatham-kent.ca/localgovernment/elections/Pages/2026-Municipal-Election.aspx,TRUE,1,https://www.chatham-kent.ca/localgovernment/elections/Pages/2026-Municipal-Election.aspx; https://www.chatham-kent.ca/localgovernment/elections/Documents/2026%20Resource%20Documents/Chatham-Kent%20Municipal%20Election%20Procedures.pdf
FALSE,,3518017,Clarington,Leger,101427,"Councillor, Local",Ward,Mixed,Ward,Wards 1-4,4,1,https://www.clarington.net/clarington-elections/voters/whos-running/,FALSE,1,
FALSE,,3518017,Clarington,Leger,101427,"Councillor, Regional",Ward,Mixed,Ward-pair,1&2;3&4,2,1,https://www.clarington.net/clarington-elections/voters/whos-running/,FALSE,1,
FALSE,,3519070,Georgina,EveryAnswer,47642,"Councillor, Regional",Hybrid,Mixed,At-large,At-large,1,1,https://www.georgina.ca/municipal-government/2026-election,FALSE,1,
FALSE,,3519070,Georgina,EveryAnswer,47642,"Councillor, Ward",Hybrid,Mixed,Ward,Wards 1-5,5,1,https://www.georgina.ca/municipal-government/2026-election,FALSE,1,
FALSE,,3553005,Greater Sudbury / Grand Sudbury,Leger,166004,Councillor,Ward,SMD,Ward,Wards 1-12,12,1,https://www.greatersudbury.ca/city-hall/municipal-schoolboard-elections/for-voters/registered-candidates/,FALSE,1,
FALSE,,3523008,Guelph,Leger,143740,Councillor,Ward,MMD,Ward,Wards 1-6,6,2,https://guelph.ca/city-government/mayor-and-council/council-composition-and-ward-boundary-review/city-council-composition/,TRUE,2,https://guelph.ca/city-government/mayor-and-council/municipal-elections/information-for-voters/
FALSE,,3528018,Haldimand County,EveryAnswer,49216,Councillor,Ward,SMD,Ward,Wards 1-7,7,1,https://www.haldimandcounty.ca/news/posts/haldimand-county-adopting-seven-ward-model-for-2026-municipal-election/,FALSE,1,
FALSE,,3525005,Hamilton,Leger,569353,Councillor,Ward,SMD,Ward,Wards 1-15,15,1,https://www.hamilton.ca/city-council/council-committee/city-council-members,FALSE,1,
FALSE,,3543017,Innisfil,EveryAnswer,43326,Councillor,Ward,SMD,Ward,Wards 1-7,7,1,https://www.innisfil.ca/government-administration/elections,FALSE,1,
FALSE,,3543017,Innisfil,EveryAnswer,43326,Deputy Mayor,Ward,SMD,At-large,At-large,1,1,https://www.innisfil.ca/government-administration/elections,FALSE,1,
FALSE,,3510010,Kingston,Leger,132485,Councillor,Ward,SMD,Ward,Districts 1-12,12,1,https://www.cityofkingston.ca/council-and-city-administration/elections/candidates/candidate-list/,FALSE,1,
FALSE,,3530013,Kitchener,Leger,256885,"Councillor, Ward",Ward,SMD,Ward,Wards 1-10,10,1,https://app2.kitchener.ca/election/candidates.aspx,FALSE,1,
FALSE,,3539036,London,Leger,422324,Councillor,Ward,SMD,Ward,Wards 1-14,14,1,https://london.ca/government/council-civic-administration/elections/list-candidates,FALSE,1,
FALSE,,3519036,Markham,Leger,338503,"Councillor, Regional",Ward,Mixed,At-large,At-large,1,4,https://www.markham.ca/about-the-city-of-markham/city-hall/regional-ward-councillors,TRUE,4,https://en.wikipedia.org/wiki/2026_York_Region_municipal_elections; https://www.markham.ca/about-the-city-of-markham/city-hall/regional-ward-councillors
FALSE,,3519036,Markham,Leger,338503,"Councillor, Ward",Ward,Mixed,Ward,Wards 1-8,8,1,https://www.markham.ca/about-the-city-of-markham/city-hall/regional-ward-councillors,TRUE,1,https://www.markham.ca/about-the-city-of-markham/city-hall/regional-ward-councillors; https://en.wikipedia.org/wiki/2026_York_Region_municipal_elections
FALSE,,3524009,Milton,Leger,132979,"Councillor, Regional",Ward,MMD,Ward,Wards 1-4,4,1,https://www.milton.ca/en/news/nominations-for-the-2026-municipal-election-open-may-1.aspx,FALSE,1,
FALSE,,3524009,Milton,Leger,132979,"Councillor, Town",Ward,MMD,Ward,Wards 1-4,4,1,https://www.milton.ca/en/news/nominations-for-the-2026-municipal-election-open-may-1.aspx,FALSE,1,
FALSE,,3521005,Mississauga,Leger,717961,Councillor,Ward,SMD,Ward,Wards 1-11,11,1,https://mississaugavotes.ca/2026-municipal-election/for-voters/whos-running/,FALSE,1,
FALSE,,3543007,New Tecumseth,EveryAnswer,43948,Councillor,Ward,SMD,Ward,Wards 1-7,7,1,https://www.newtecumseth.ca/en/news/2026-notice-of-nomination-for-office.aspx; https://www.newtecumseth.ca/government/new-tecumseth-votes/,FALSE,1,
FALSE,,3543007,New Tecumseth,EveryAnswer,43948,Deputy Mayor,Ward,SMD,At-large,At-large,1,1,https://www.newtecumseth.ca/en/news/2026-notice-of-nomination-for-office.aspx,FALSE,1,
FALSE,,3526043,Niagara Falls,EveryAnswer,94415,Councillor,At-Large,N/A,At-large,At-large,1,8,https://niagarafalls.ca/city-government/elections/2026-municipal-election/,TRUE,8,https://letstalk.niagarafalls.ca/voting-2026; https://en.wikipedia.org/wiki/2026_Niagara_Region_municipal_elections
FALSE,,3548044,North Bay,EveryAnswer,52662,Councillor,At-Large,N/A,At-large,At-large,1,10,https://northbay.ca/city-government/municipal-elections/,TRUE,10,https://northbay.ca/city-government/municipal-elections/; https://en.wikipedia.org/wiki/North_Bay_City_Council
FALSE,,3524001,Oakville,Leger,213759,"Councillor, Town",Ward,MMD,Ward,Wards 1-7,7,1,https://www.oakville.ca/town-hall/elections/voters/offices-to-be-elected/,FALSE,1,
FALSE,,3524001,Oakville,Leger,213759,"Councillor, Town and Region of Halton",Ward,MMD,Ward,Wards 1-7,7,1,https://www.oakville.ca/town-hall/elections/voters/offices-to-be-elected/,FALSE,1,
FALSE,,3518013,Oshawa,Leger,175383,"Councillor, Regional and City",Ward,MMD,Ward,Wards 1-5,5,1,https://www.oshawa.ca/city-hall/elections/registered-candidates/,FALSE,1,
FALSE,,3518013,Oshawa,Leger,175383,"Councillor, City",Ward,MMD,Ward,Wards 1-5,5,1,https://www.oshawa.ca/city-hall/elections/registered-candidates/,FALSE,1,
FALSE,,3506008,Ottawa,Leger,1017449,Councillor,Ward,SMD,Ward,Wards 1-24,24,1,https://ottawa.ca/en/city-hall/elections/voters/voting-mayor-and-city-councillor,FALSE,1,
FALSE,,3515014,Peterborough,EveryAnswer,83651,Councillor,Ward,MMD,Ward,Otonabee;Monaghan;Town;Ashburnham;Northcrest,5,2,https://www.peterborough.ca/news/posts/municipal-election-nominations-open-may-1/,TRUE,2,https://www.peterborough.ca/media/05bjtmf3/2026-candidates-guide-part-b.pdf; https://www.peterborough.ca/news/posts/municipal-election-nominations-open-may-1/
FALSE,,3518001,Pickering,EveryAnswer,99186,"Councillor, Regional",Ward,MMD,Ward,Wards 1-3,3,1,https://www.pickering.ca/council-city-administration/elections/offices-to-be-elected/,FALSE,1,
FALSE,,3518001,Pickering,EveryAnswer,99186,"Councillor, City",Ward,MMD,Ward,Wards 1-3,3,1,https://www.pickering.ca/council-city-administration/elections/offices-to-be-elected/,FALSE,1,
FALSE,,3519038,Richmond Hill,Leger,202022,"Councillor, Regional and Local",Hybrid,Mixed,At-large,At-large,1,2,https://www.richmondhill.ca/en/living-here/election-candidates.aspx,TRUE,2,https://www.richmondhill.ca/en/living-here/voter-information.aspx
FALSE,,3519038,Richmond Hill,Leger,202022,"Councillor, Ward",Hybrid,Mixed,Ward,Wards 1-6,6,1,https://www.richmondhill.ca/en/living-here/election-candidates.aspx,TRUE,1,https://www.richmondhill.ca/en/living-here/voter-information.aspx
FALSE,,3538030,Sarnia,EveryAnswer,72047,"Councillor, City",At-Large,N/A,At-large,At-large,1,4,https://www.sarnia.ca/city-government/elections/2026-election/unofficial-list-of-candidates/,TRUE,4,https://www.sarnia.ca/public-notices/notice-of-nomination-avis-de-candidature-au-poste-2026-municipal-election/; https://en.wikipedia.org/wiki/2022_Lambton_County_municipal_elections
FALSE,,3538030,Sarnia,EveryAnswer,72047,"Councillor, City-County",At-Large,N/A,At-large,At-large,1,4,https://www.sarnia.ca/city-government/elections/2026-election/unofficial-list-of-candidates/,TRUE,4,https://www.sarnia.ca/public-notices/notice-of-nomination-avis-de-candidature-au-poste-2026-municipal-election/; https://en.wikipedia.org/wiki/2022_Lambton_County_municipal_elections
FALSE,,3526053,St. Catharines,Leger,136803,"Councillor, City",Hybrid,MMD,Ward,Wards 1-6,6,2,https://www.stcatharines.ca/council-and-administration/mayor-and-council/ward-councillors/,TRUE,2,https://en.wikipedia.org/wiki/2026_Niagara_Region_municipal_elections; https://www.stcatharines.ca/council-and-administration/mayor-and-council/ward-councillors/
FALSE,,3558004,Thunder Bay,Leger,108843,"Councillor, At-Large",Hybrid,Mixed,At-large,At-large,1,5,https://www.thunderbay.ca/en/city-hall/2026-municipal-election.aspx#At-Large-Councillor-Five-5-to-be-elected,TRUE,5,https://www.thunderbay.ca/en/city-hall/2026-municipal-election.aspx; https://www.cbc.ca/news/canada/thunder-bay/thunder-bay-at-large-candidates-forum-1.6609355
FALSE,,3558004,Thunder Bay,Leger,108843,"Councillor, Ward",Hybrid,Mixed,Ward,Current River;McIntyre;McKellar;Neebing;Northwood;Red River;Westfort,7,1,https://www.thunderbay.ca/en/city-hall/2026-municipal-election.aspx#At-Large-Councillor-Five-5-to-be-elected,TRUE,1,https://www.thunderbay.ca/en/city-hall/2026-municipal-election.aspx; https://en.wikipedia.org/wiki/Thunder_Bay_City_Council
FALSE,,3520005,Toronto,Leger,2794356,Councillor,Ward,SMD,Ward,Wards 1-25,25,1,https://www.toronto.ca/city-government/elections/candidate-list/,FALSE,1,
FALSE,,3519028,Vaughan,Leger,323103,"Councillor, Local and Regional",Hybrid,Mixed,At-large,At-large,1,4,https://www.vaughan.ca/news/what-you-need-know-about-2026-municipal-election,TRUE,4,https://www.vaughan.ca/news/what-you-need-know-about-2026-municipal-election; https://en.wikipedia.org/wiki/2026_York_Region_municipal_elections
FALSE,,3519028,Vaughan,Leger,323103,"Councillor, Ward",Hybrid,Mixed,Ward,Wards 1-5,5,1,https://www.vaughan.ca/news/what-you-need-know-about-2026-municipal-election,TRUE,1,https://www.vaughan.ca/news/what-you-need-know-about-2026-municipal-election; https://en.wikipedia.org/wiki/2026_York_Region_municipal_elections
FALSE,,3530016,Waterloo,Leger,121436,"Councillor, Ward",Ward,SMD,Ward,Wards 1-7,7,1,https://www.waterloo.ca/council-and-committees/municipal-elections/find-election-candidates/,TRUE,1,https://www.waterloo.ca/council-and-committees/municipal-elections/find-election-candidates/
FALSE,,3530016,Waterloo,Leger,121436,"Councillor, Regional",Ward,SMD,At-large,At-large,1,2,https://www.waterloo.ca/council-and-committees/municipal-elections/find-election-candidates/,TRUE,2,https://www.waterloo.ca/council-and-committees/municipal-elections/find-election-candidates/
TRUE,https://www.whitby.ca/news/posts/whitby-council-votes-to-elect-regional-councillors-by-ward/,3518009,Whitby,Leger,138501,"Councillor, Regional",Ward,SMD,Ward,Wards 1-4,4,1,https://www.whitby.ca/news/posts/whitby-council-votes-to-elect-regional-councillors-by-ward/; https://planyourvote.voterview.ca/candidate-list,FALSE,1,
TRUE,https://www.whitby.ca/news/posts/whitby-council-votes-to-elect-regional-councillors-by-ward/,3518009,Whitby,Leger,138501,"Councillor, Local",Ward,SMD,Ward,Wards 1-4,4,1,https://www.whitby.ca/news/posts/whitby-council-votes-to-elect-regional-councillors-by-ward/; https://planyourvote.voterview.ca/candidate-list,FALSE,1,
FALSE,,3537039,Windsor,Leger,229660,Councillor,Ward,SMD,Ward,Wards 1-10,10,1,https://citywindsor.ca/city-hall/municipal-election/who-is-running/councillor-ward-2,FALSE,1,
