census_id,csdname,website,election_url,status,boards_found,n_emails,saved_as,error
3511035,Addington Highlands,http://www.addingtonhighlands.ca/,,no-list-found,,0,,
3539047,Adelaide-Metcalfe,https://adelaidemetcalfe.on.ca/,,no-list-found,,0,,
3543003,Adjala-Tosorontio,https://www.adjtos.ca/en/index.aspx,https://www.adjtos.ca/municipal-government/elections/,found,B66109|B67091,27,3543003.html,
3547043,Admaston/Bromley,http://www.admastonbromley.com/,http://www.admastonbromley.com/2026-municipal-elections/,found,,1,3547043.html,
3559011,Alberton,http://www.alberton.ca/,,no-list-found,,0,,
3502023,Alfred and Plantagenet,https://www.alfred-plantagenet.com/en/index.aspx,https://www.alfred-plantagenet.com/en/government-administration/council-council-meetings/elections,found,B66192|B67172,25,3502023.html,
3546018,Algonquin Highlands,http://www.algonquinhighlands.ca/,http://www.algonquinhighlands.ca/municipal-services/elections/official-list-of-certified-candidates/,found,B66087,13,3546018.html,
3514024,Alnwick/Haldimand,http://www.alnwickhaldimand.ca/,,no-list-found,,0,,
3522008,Amaranth,http://www.amaranth.ca/en/index.aspx,https://www.amaranth.ca/municipal-government/elections/registered-candidates/,found,B66117,8,3522008.html,
3537028,Amherstburg,http://www.amherstburg.ca/,https://www.amherstburg.ca/town-hall/elections/candidate-information/candidates/,found,B66028,0,3537028.html,
3549019,Armour,http://www.armourtownship.ca/,http://www.armourtownship.ca/elections,found,B28037|B29017,10,3549019.html,
3554036,Armstrong,http://www.armstrongtownship.com/,http://www.armstrongtownship.com/en/government/2026-municipal-election,found,B28002|B29009,1,3554036.html,
3547002,Arnprior,http://www.arnprior.ca/,https://www.arnprior.ca/town-hall/council/elections/#,found,B66214|B67199,17,3547002.html,
3541043,Arran-Elderslie,http://www.arran-elderslie.com/,,no-list-found,,0,,
3540063,Ashfield-Colborne-Wawanosh,http://www.acwtownship.ca/,,no-list-found,,0,,
3515003,Asphodel-Norwood,https://www.antownship.ca/en/index.aspx,https://www.antownship.ca/township-services/municipal-elections/information-for-voters/certified-candidates/,found,B66079,16,3515003.html,
3551011,Assiginack,http://www.assiginack.ca/,http://www.assiginack.ca/administration/municipal-elections,found,B28029,1,3551011.html,
3507042,Athens,http://www.athenstownship.ca/,,no-list-found,,0,,
3559001,Atikokan,http://www.atikokan.ca/siteengine/activepage.asp,,no-list-found,,0,,
3507006,Augusta,http://www.augusta.ca/,,no-list-found,,0,,
3534011,Aylmer,http://www.aylmer.ca/,,no-list-found,,0,,
3552028,Baldwin,https://www.baldwin.ca/,,no-list-found,,0,,
3512061,Bancroft,http://www.bancroft.ca/,http://www.bancroft.ca/town_hall/municipal_elections_2026,found,,0,3512061.html,
3534005,Bayham,http://www.bayham.on.ca/siteengine/activepage.asp,http://www.bayham.on.ca/governance/elections/,found,B66044|B67032,14,3534005.html,
3509024,Beckwith,http://www.twp.beckwith.on.ca/,,unreachable,,0,,
3512005,Belleville,http://www.belleville.ca/,https://www.belleville.ca/council-and-administration/council/municipal-election/candidates/,found,B67202,1,3512005.html,
3551021,Billings,http://www.billingstwp.ca/,http://www.billingstwp.ca/townhall/elections/#,found,,2,3551021.html,
3556014,Black River-Matheson,https://www.twpbrm.ca/,http://www.twpbrm.ca/your-township-government/elections/,found,,2,3556014.html,
3532045,Blandford-Blenheim,http://www.blandfordblenheim.ca/,http://www.blandfordblenheim.ca/my-government/municipal-elections/,found,,1,3532045.html,
3557038,Blind River,https://www.blindriver.ca/,https://www.blindriver.ca/town-hall/elections/,found,,9,3557038.html,
3540010,Bluewater,https://www.municipalityofbluewater.ca/,https://www.municipalityofbluewater.ca/municipal-office/municipal-election/official-list-of-certified-candidates-and-acclaimed-offices/,found,B66010|B67016,18,3540010.html,
3548027,Bonfield,https://www.bonfieldtownship.com/,https://www.bonfieldtownship.com/your-government/elections/,found,B28037,17,3548027.html,
3547035,Bonnechere Valley,http://www.bonnecherevalleytwp.com/,,no-list-found,,0,,
3543014,Bradford West Gwillimbury,https://www.townofbwg.com/,https://www.townofbwg.com/town-hall/election/certified-candidates-contact-information/,found,B66109|B67091,44,3543014.html,
3529005,Brant,http://www.brant.ca/,https://www.brant.ca/council-and-county-administration/elections/certified-candidates/,found,B66168,38,3529005.html,
3529006,Brantford,http://www.brantford.ca/Pages/default.aspx,https://www.brantford.ca/your-government/municipal-election/candidates/,found-from-seed,B66168|B67164,50,3529006.html,
3554032,Brethour,,,no-website,,0,,
3514004,Brighton,http://www.brighton.ca/,https://www.brighton.ca/council-government/elections/,found,B66079,27,3514004.html,
3518039,Brock,http://townshipofbrock.ca/,http://townshipofbrock.ca/news/posts/notice-of-certified-candidates-2026-municipal-election/,found,B66060|B67105,0,3518039.html,
3541032,Brockton,http://www.brockton.ca/,https://www.brockton.ca/municipal-government/elections/list-of-candidates/,found,B66001|B67008,0,3541032.html,
3507015,Brockville,http://www.brockville.com/,http://www.brockville.com/local-government/municipal-election/,found,,23,3507015.html,
3538015,Brooke-Alvinston,http://brookealvinston.com/home/,,no-list-found,,0,,
3557021,Bruce Mines,http://www.brucemines.ca/,,no-list-found,,0,,
3547020,"Brudenell, Lyndoch and Raglan",http://www.blrtownship.ca/,,no-list-found,,0,,
3549022,Burk's Falls,http://www.burksfalls.net/,http://www.burksfalls.net/townhall/election,found,B28037,1,3549022.html,
3551028,Burpee and Mills,http://www.burpeemills.com/,,no-list-found,,0,,
3549066,Callander,http://mycallander.ca/,http://mycallander.ca/en/local-government/elections,found,B28037|B29017,2,3549066.html,
3548022,Calvin,http://www.calvintownship.ca/,,no-list-found,,0,,
3530010,Cambridge,http://www.cambridge.ca/,https://www.cambridge.ca/mayor-city-council-government/elections/nominations-candidate-profiles/,found-from-seed,B66176|B67148,40,3530010.html,
3509028,Carleton Place,http://www.carletonplace.ca/,,no-list-found,,0,,
3549036,Carling,http://www.carlingtownship.ca/,,no-list-found,,0,,
3512065,Carlow/Mayo,http://www.carlowmayo.ca/,,no-list-found,,0,,
3554029,Casey,http://Casey.ca,,no-list-found,,0,,
3502044,Casselman,https://www.casselman.ca/,https://www.casselman.ca/en/my-municipality/democracy/2026-election,found,B66192|B67172,17,3502044.html,
3515013,Cavan Monaghan,http://www.cavanmonaghan.net/siteengine/activepage.asp,http://www.cavanmonaghan.net/local-government/2026-municipal-election/,found,,3,3515013.html,
3534020,Central Elgin,https://www.centralelgin.org/en/index.aspx,https://www.centralelgin.org/municipal-office-council/election/certified-list-of-candidates/,found,B66044|B67032,16,3534020.html,
3510035,Central Frontenac,http://www.centralfrontenac.com/,https://www.centralfrontenac.com/township-office/2026-municipal-elections/,found,B66206,1,3510035.html,
3540025,Central Huron,http://www.centralhuron.com/,http://www.centralhuron.com/article/notices-2026-offices-be-elected-and-certified-candidates,found,,0,3540025.html,
3551006,Central Manitoulin,http://www.centralmanitoulin.ca/,http://www.centralmanitoulin.ca/our-government/elections/,found,,1,3551006.html,
3512026,Centre Hastings,http://www.centrehastings.com/,http://www.centrehastings.com/our-municipality/elections/for-candidates/,found,,0,3512026.html,
3523025,Centre Wellington,https://www.centrewellington.ca/en/index.aspx,http://www.centrewellington.ca/township-services/2026-municipal-election/official-list-of-candidates-and-registered-third-party-advertisers/,found,B66117|B67130,28,3523025.html,
3554054,Chamberlain,https://www.chamberlaintownship.com,,no-list-found,,0,,
3502010,Champlain,http://www.champlain.ca/en/index.aspx,http://www.champlain.ca/2026election/list-candidates,found,B66192|B67172,22,3502010.html,
3552092,Chapleau,https://chapleau.ca/,https://chapleau.ca/township/administration/municipal-elections-2026/,found,B28010|B29025,0,3552092.html,
3559024,Chapple,http://www.chapple.on.ca/,,no-list-found,,0,,
3554044,Charlton and Dack,http://www.charltonanddack.com/,http://www.charltonanddack.com/election,found,,1,3554044.html,
3536020,Chatham-Kent,http://www.chatham-kent.ca,,no-list-found,,0,,
3542037,Chatsworth,http://www.chatsworth.ca/,,no-list-found,,0,,
3548031,Chisholm,http://www.chisholm.ca/,http://www.chisholm.ca/en/your-government/elections,found,,1,3548031.html,
3502036,Clarence-Rockland,http://www.clarence-rockland.com/,http://www.clarence-rockland.com/en/city-hall/municipal-council/2026-municipal-elections/information-candidates,found,B66192|B67172,2,3502036.html,
3543005,Clearview,http://www.clearview.ca/,http://www.clearview.ca/election,found,B66109|B67091,24,3543005.html,
3554008,Cobalt,http://www.cobalt.ca/,,no-list-found,,0,,
3556042,Cochrane,https://cochraneontario.com/,https://cochraneontario.com/town-hall/municipal-elections/,found,,0,3556042.html,
3551034,Cockburn Island,https://www.cockburnisland.ca/,,no-list-found,,0,,
3554001,Coleman,http://www.colemantownship.ca/,,no-list-found,,0,,
3558019,Conmee,http://www.conmee.com/,http://www.conmee.com/p/2026-municipal-election,found,,1,3558019.html,
3501012,Cornwall,http://www.cornwall.ca/,https://www.cornwall.ca/en/government-council/elections/#,found,B66192|B67172,1,3501012.html,
3514014,Cramahe,http://www.visitcramahe.ca/,,no-list-found,,0,,
3538007,Dawn-Euphemia,https://dawneuphemia.ca/,,no-list-found,,0,,
3559040,Dawson,https://dawsontownship.weebly.com/,,no-list-found,,0,,
3512002,Deseronto,http://www.deseronto.ca/,http://www.deseronto.ca/municipal-elections,found,,0,3512002.html,
3558034,Dorion,http://www.doriontownship.ca/,,no-list-found,,0,,
3515023,Douro-Dummer,http://www.dourodummer.on.ca/,,no-list-found,,0,,
3509010,Drummond/North Elmsley,https://www.dnetownship.ca/,,no-list-found,,0,,
3560027,Dryden,http://www.dryden.ca/,http://www.dryden.ca/news/posts/city-of-dryden-confirms-certified-candidates-list-2026-municipal-and-school-board-election/,found,B28045|B29041,2,3560027.html,
3557079,Dubreuilville,http://www.dubreuilville.ca/,,no-list-found,,0,,
3534030,Dutton/Dunwich,http://www.duttondunwich.on.ca/,http://www.duttondunwich.on.ca/your-government/election-2026,found,B66044|B67032,9,3534030.html,
3546024,Dysart et al,http://www.dysartetal.ca/,http://www.dysartetal.ca/municipal-government/municipal-and-school-board-election/,found,B66087,21,3546024.html,
3560032,Ear Falls,http://www.ear-falls.com/,http://www.ear-falls.com/municipal-government/elections/,found,,1,3560032.html,
3548034,East Ferris,http://eastferris.ca/,http://eastferris.ca/en/your-government/elections,found,,0,3548034.html,
3522001,East Garafraxa,https://www.eastgarafraxa.ca/en/index.aspx,https://www.eastgarafraxa.ca/municipal-government/elections/#,found,B66117,15,3522001.html,
3502001,East Hawkesbury,http://www.easthawkesbury.ca/,http://www.easthawkesbury.ca/en/township-hall/elections/,found,B66192,13,3502001.html,
3532038,East Zorra-Tavistock,https://www.ezt.ca/en/index.aspx,https://www.ezt.ca/township-office/elections/list-candidates/,found,B66044|B67032,16,3532038.html,
3507004,Edwardsburgh/Cardinal,http://www.edwardsburghcardinal.ca/,http://www.edwardsburghcardinal.ca/township-hall/elections/,found,,10,3507004.html,
3507014,Elizabethtown-Kitley,http://www.elizabethtown-kitley.on.ca/,,no-list-found,,0,,
3557041,Elliot Lake,http://www.cityofelliotlake.com/,http://www.cityofelliotlake.com/city-hall/2026-election/,found,,0,3557041.html,
3559019,Emo,https://emo.ca/,https://emo.ca/2026-elections/2026-candidates/,found,B28053,1,3559019.html,
3554052,Englehart,http://www.englehart.ca/,,no-list-found,,0,,
3538016,Enniskillen,http://www.enniskillen.ca/,,no-list-found,,0,,
3523017,Erin,http://www.erin.ca/,http://www.erin.ca/2026-municipal-election/whos-running,found,B66117|B67130,0,3523017.html,
3552026,Espanola,https://www.espanola.ca/,https://www.espanola.ca/town-government/council/municipal-elections,found,B28029,0,3552026.html,
3543021,Essa,http://www.essatownship.on.ca/,http://www.essatownship.on.ca/council-administration/elections/,found,B66109|B67091,12,3543021.html,
3537016,Essex,http://www.townofessex.on.ca/,http://www.townofessex.on.ca/town-hall/municipal-elections/certified-candidates/,found,B66028|B67024,23,3537016.html,
3554049,Evanturel,http://www.evanturel.com/,,no-list-found,,0,,
3512058,Faraday,http://www.faraday.ca/,,no-list-found,,0,,
3556052,Fauquier-Strickland,http://www.fauquierstrickland.com/,,no-list-found,,0,,
3526003,Fort Erie,https://www.forterie.ca/,https://www.forterie.ca/town-hall/elections/,found,,1,3526003.html,
3559012,Fort Frances,https://www.fortfrances.ca/,,no-list-found,,0,,
3552001,French River / Rivière des Français,http://www.frenchriver.ca/,http://www.frenchriver.ca/2026municipalelections,found,,3,3552001.html,
3507017,Front of Yonge,https://mallorytown.ca/,,no-list-found,,0,,
3510005,Frontenac Islands,https://www.frontenacislands.ca/,https://www.frontenacislands.ca/township-services/elections/,found,,17,3510005.html,
3507024,Gananoque,http://www.gananoque.ca/,http://www.gananoque.ca/town-hall/2026-municipal-election,found,B66192|B67172,1,3507024.html,
3554066,Gauthier,,,no-website,,0,,
3542053,Georgian Bluffs,https://www.georgianbluffs.ca/en/index.aspx,https://www.georgianbluffs.ca/our-government/2026-election/candidates-and-election-results/,found,B66001|B67008,15,3542053.html,
3519070,Georgina,http://www.georgina.ca/,https://www.georgina.ca/municipal-government/elections/2026-candidate-information,found-from-seed,B66095|B67075,25,3519070.html,
3558012,Gillies,http://www.gilliestownship.com/,http://www.gilliestownship.com/our-government/elections/,found,,0,3558012.html,
3540028,Goderich,http://www.goderich.ca/,https://www.goderich.ca/town-hall/elections/,found,,1,3540028.html,
3551027,Gordon/Barrie Island,https://www.gordonbarrieisland.ca/,,no-list-found,,0,,
3551026,Gore Bay,http://www.gorebay.ca/,,no-list-found,,0,,
3522010,Grand Valley,http://www.eastluthergrandvalley.ca/,,no-list-found,,0,,
3547008,Greater Madawaska,http://www.greatermadawaska.com/,https://www.greatermadawaska.com/township/elections/?appid=b2b6ea6d25eb49be8c585bd910c39dbf,found,B66214|B67199,0,3547008.html,
3511015,Greater Napanee,https://www.greaternapanee.com/en/index.aspx,https://www.greaternapanee.com/news/posts/certified-list-of-2026-election-candidates/,found,B66206,16,3511015.html,
3553005,Greater Sudbury / Grand Sudbury,https://www.greatersudbury.ca/,,no-list-found,,0,,
3558075,Greenstone,http://www.greenstone.ca/,http://www.greenstone.ca/our-government/elections/,found,,0,3558075.html,
3542015,Grey Highlands,http://www.greyhighlands.ca/,http://www.greyhighlands.ca/news/posts/grey-highlands-announces-certified-candidates-for-the-2026-municipal-and-school-board-election/,found,B66001|B67008,2,3542015.html,
3526065,Grimsby,https://www.grimsby.ca/,https://www.grimsby.ca/town-hall/elections/,found,B66150|B67156,31,3526065.html,
3523009,Guelph/Eramosa,http://www.get.on.ca/,http://www.get.on.ca/election/list-of-candidates,found,B66117|B67130,19,3523009.html,
3528018,Haldimand County,https://www.haldimandcounty.ca/,https://www.haldimandcounty.ca/government-administration/elections/2026-municipal-election/registered-candidates/,found-from-seed,B66168|B67164,40,3528018.html,
3524015,Halton Hills,http://www.haltonhills.ca/,http://www.haltonhills.ca/filed-nominations,found,B66133|B67113,0,3524015.html,
3514019,Hamilton,http://www.hamiltontownship.ca/,https://www.hamiltontownship.ca/your-municipal-government/council/municipal-elections/,found,B66079,0,3514019.html,
3525005,Hamilton,http://www.hamilton.ca/,https://www.hamilton.ca/city-council/municipal-election/candidates-third-party-advertisers/candidates,found-from-seed,,0,3525005.html,
3542029,Hanover,http://www.hanover.ca/,http://www.hanover.ca/elections,found,B66001|B67008,19,3542029.html,
3554026,Harley,http://www.harley.ca/,,no-list-found,,0,,
3554014,Harris,https://harristownship.weebly.com/,,no-list-found,,0,,
3512076,Hastings Highlands,http://www.hastingshighlands.ca/,https://www.hastingshighlands.ca/municipal-services/elections/,found,,0,3512076.html,
3515030,Havelock-Belmont-Methuen,http://www.hbmtwp.ca/,https://www.hbmtwp.ca/township-services/elections/,found,B66079|B67067,18,3515030.html,
3502008,Hawkesbury,http://www.hawkesbury.ca/en/,https://www.hawkesbury.ca/en/list-candidates-2026-elections,found,B66192|B67172,15,3502008.html,
3547098,"Head, Clara and Maria",http://townshipsofheadclaramaria.ca/,,no-list-found,,0,,
3556076,Hearst,http://www.hearst.ca/,https://www.hearst.ca/en/elections/,found,,2,3556076.html,
3546005,Highlands East,http://www.highlandseast.ca/,http://www.highlandseast.ca/live-here/2026-municipal-election/,found,,21,3546005.html,
3554034,Hilliard,https://townshipofhilliard.ca/,,no-list-found,,0,,
3557004,Hilton,http://www.hiltontownship.ca/,,no-list-found,,0,,
3557006,Hilton Beach,http://www.hiltonbeach.com/,,unreachable,,0,,
3557096,Hornepayne,http://www.townshipofhornepayne.ca/,http://www.townshipofhornepayne.ca/our-government/election/,found,,2,3557096.html,
3547046,Horton,http://www.hortontownship.ca/,,no-list-found,,0,,
3540046,Howick,https://howick.ca/,,no-list-found,,0,,
3554021,Hudson,http://Hudson.ca,,no-list-found,,0,,
3540040,Huron East,http://www.huroneast.com/,https://www.huroneast.com/news/posts/2026-huron-east-municipal-election-candidate-list-certified/,found,B66010,2,3540040.html,
3557035,Huron Shores,http://www.huronshores.ca/,,no-list-found,,0,,
3541015,Huron-Kinloss,http://www.huronkinloss.com/,http://www.huronkinloss.com/news/posts/notice-of-certified-candidates-available-for-the-2026-municipal-and-school-board-election/,found,,1,3541015.html,
3560001,Ignace,http://town.ignace.on.ca/,,no-list-found,,0,,
3532018,Ingersoll,http://www.ingersoll.ca/,http://www.ingersoll.ca/town-hall/municipal-election/,found,B66044,19,3532018.html,
3543017,Innisfil,https://innisfil.ca/,https://www.innisfil.ca/government-administration/elections,found-from-seed,B66109|B67091,38,3543017.html,
3556031,Iroquois Falls,http://www.iroquoisfalls.com/home,,no-list-found,,0,,
3554042,James,http://www.elklake.ca/,,no-list-found,,0,,
3557001,Jocelyn,https://jocelyn.ca/,https://jocelyn.ca/township-office/2026-municipal-election/,found,,1,3557001.html,
3557016,Johnson,https://johnsontownship.ca/,https://johnsontownship.ca/council/municipal-elections/,found,,1,3557016.html,
3549051,Joly,http://www.townshipofjoly.com/,http://www.townshipofjoly.com/en/community/municipal-election,found,,0,3549051.html,
3556066,Kapuskasing,http://www.kapuskasing.ca/,https://www.kapuskasing.ca/council-administration/elections/,found,,2,3556066.html,
3516010,Kawartha Lakes,http://www.city.kawarthalakes.on.ca/,,no-list-found,,0,,
3549018,Kearney,http://www.townofkearney.com/,,no-list-found,,0,,
3560010,Kenora,http://www.kenora.ca/,http://www.kenora.ca/your-government/elections/candidates/certified-candidates/,found,,0,3560010.html,
3554024,Kerns,http://kerns.ca,,no-list-found,,0,,
3547033,"Killaloe, Hagarty and Richards",http://www.killaloe-hagarty-richards.ca/,http://www.killaloe-hagarty-richards.ca/township-council/2026-municipal-election,found,,1,3547033.html,
3552036,Killarney,http://www.municipalityofkillarney.ca/,http://www.municipalityofkillarney.ca/municipal-services/2026-election,found,,10,3552036.html,
3541024,Kincardine,https://www.kincardine.ca/en/index.aspx,https://www.kincardine.ca/our-services/elections/,found,B66001|B67008,16,3541024.html,
3510010,Kingston,http://www.cityofkingston.ca/,https://www.cityofkingston.ca/council-and-city-administration/elections/candidates/candidate-list/,found-from-seed,B66206,54,3510010.html,
3537013,Kingsville,https://www.kingsville.ca/en/index.aspx,https://www.kingsville.ca/local-government/elections/,found,B66028|B67024,18,3537013.html,
3554068,Kirkland Lake,http://www.discoverkl.ca/,,no-list-found,,0,,
3530013,Kitchener,http://www.kitchener.ca/,https://app2.kitchener.ca/election/candidates.aspx,found-from-seed,B66176|B67148,80,3530013.html,
3559016,La Vallee,http://www.lavallee.ca/,,no-list-found,,0,,
3537034,LaSalle,http://www.town.lasalle.on.ca/,,no-list-found,,0,,
3557011,Laird,http://www.lairdtownship.ca/,,no-list-found,,0,,
3559047,Lake of the Woods,http://www.lakeofthewoods.ca/,,no-list-found,,0,,
3537064,Lakeshore,http://www.townoflakeshore.on.ca/,,no-list-found,,0,,
3538040,Lambton Shores,http://www.lambtonshores.ca/,https://www.lambtonshores.ca/our-government/election/#,found,B66036,22,3538040.html,
3509039,Lanark Highlands,http://www.lanarkhighlands.ca/,,unreachable,,0,,
3554062,Larder Lake,https://larderlake.ca/,,no-list-found,,0,,
3554006,Latchford,http://www.latchford.ca/,,no-list-found,,0,,
3547090,Laurentian Hills,http://www.laurentianhills.ca/,,no-list-found,,0,,
3547075,Laurentian Valley,http://www.laurentianvalleytwsp.on.ca/,,no-list-found,,0,,
3537003,Leamington,http://www.leamington.ca/,https://www.leamington.ca/municipal-services/elections-2026/,found,B66028|B67024,25,3537003.html,
3507021,Leeds and the Thousand Islands,https://www.leeds1000islands.ca/,https://www.leeds1000islands.ca/township-government/elections/,found,B66192|B67172,16,3507021.html,
3512051,Limerick,http://www.township.limerick.on.ca/,,no-list-found,,0,,
3526057,Lincoln,http://www.lincoln.ca/,https://www.lincoln.ca/council-administration/municipal-election/general-2026-election-information,found,B66150|B67156,15,3526057.html,
3511005,Loyalist,http://www.loyalist.ca/,http://www.loyalist.ca/council-and-administration/elections/,found,B66206|B67202,21,3511005.html,
3539060,Lucan Biddulph,http://www.lucanbiddulph.on.ca/,http://www.lucanbiddulph.on.ca/town-hall/elections,found,,0,3539060.html,
3557051,"Macdonald, Meredith and Aberdeen Additional",http://www.echobay.ca/,,no-list-found,,0,,
3549054,Machar,http://www.machartownship.net/,,no-list-found,,0,,
3560021,Machin,http://www.visitmachin.com/,,no-list-found,,0,,
3547030,Madawaska Valley,http://www.madawaskavalley.ca/,http://www.madawaskavalley.ca/news/posts/madawaska-valley-municipal-council-certified-candidate-list/,found,,15,3547030.html,
3512036,Madoc,http://www.madoc.ca/,,no-list-found,,0,,
3549043,Magnetawan,http://www.magnetawan.com/,,no-list-found,,0,,
3534010,Malahide,http://www.malahide.ca/,http://www.malahide.ca/government/election,found,B66044|B67032,10,3534010.html,
3558066,Manitouwadge,http://www.manitouwadge.ca/,http://www.manitouwadge.ca/town-hall/2026-municipal-elections/,found,B28070|B29076,2,3558066.html,
3523033,Mapleton,http://www.mapleton.ca/,https://www.mapleton.ca/administration-and-town-hall/council/elections/,found,B66117|B67130,19,3523033.html,
3558059,Marathon,http://www.marathon.ca/,http://www.marathon.ca/town-hall/elections/,found,B28070|B29076,0,3558059.html,
3552013,Markstay-Warren,http://www.markstay-warren.ca/,,no-list-found,,0,,
3512046,Marmora and Lake,http://www.marmoraandlake.ca/,http://www.marmoraandlake.ca/2026-list-of-certified-candidates,found,,14,3512046.html,
3554056,Matachewan,http://www.matachewan.com/,,no-list-found,,0,,
3548021,Mattawa,http://www.mattawa.ca/,http://www.mattawa.ca/en/your-government/elections,found,,3,3548021.html,
3548019,Mattawan,https://mattawan.ca/,,no-list-found,,0,,
3556077,Mattice-Val Côté,http://www.matticevalcote.ca/,,no-list-found,,0,,
3549031,McDougall,http://www.municipalityofmcdougall.com/,,no-list-found,,0,,
3554058,McGarry,http://www.mcgarry.ca/,,no-list-found,,0,,
3549028,McKellar,https://www.mckellar.ca/en/index.aspx,https://www.mckellar.ca/your-township/elections,found,B28037|B67091,18,3549028.html,
3549012,McMurrich/Monteith,http://www.mcmurrichmonteith.com/,http://www.mcmurrichmonteith.com/elections,found,B29017,2,3549012.html,
3547003,McNab/Braeside,http://mcnabbraeside.com/,,no-list-found,,0,,
3542047,Meaford,http://meaford.ca/,,no-list-found,,0,,
3522019,Melancthon,http://melancthontownship.ca/,https://melancthontownship.ca/council/election/,found,B66117|B67083,0,3522019.html,
3507052,Merrickville-Wolford,http://www.merrickville-wolford.ca/,,unreachable,,0,,
3539033,Middlesex Centre,http://www.middlesexcentre.on.ca/,http://www.middlesexcentre.on.ca/services/residents/past-election-results,found,B66044|B67032,0,3539033.html,
3543074,Midland,http://www.midland.ca/,https://www.midland.ca/your-government/2026-elections/certified-candidates/,found,B66109|B67091,31,3543074.html,
3546015,Minden Hills,http://www.mindenhills.ca/,http://www.mindenhills.ca/news/posts/nomination-day-friday-august-21-2026-between-900-am-and-200-pm/,found,,0,3546015.html,
3523043,Minto,http://www.town.minto.on.ca/,https://www.town.minto.on.ca/government/2026-municipal-election/list-of-candidates,found,B66117|B67130,2,3523043.html,
3509030,Mississippi Mills,http://www.mississippimills.ca/,http://www.mississippimills.ca/municipal-hall/elections/candidate-information/certified-candidates-and-third-parties/,found,,14,3509030.html,
3522012,Mono,http://www.townofmono.com/,http://www.townofmono.com/topics/election,found,B66117|B67083,9,3522012.html,
3509001,Montague,http://www.township.montague.on.ca/,http://www.township.montague.on.ca/government/council/election,found,,0,3509001.html,
3556056,Moonbeam,http://www.moonbeam.ca/,,no-list-found,,0,,
3556106,Moosonee,http://www.moosonee.ca/,http://www.moosonee.ca/elections-2026/,found,,0,3556106.html,
3559031,Morley,http://www.townshipofmorley.ca/,,no-list-found,,0,,
3540050,Morris-Turnberry,https://morristurnberry.ca/,https://morristurnberry.ca/government/2026-municipal-elections,found,B66010|B67016,15,3540050.html,
3522016,Mulmur,http://www.mulmurtownship.ca./,,no-list-found,,0,,
3552031,Nairn and Hyman,http://www.nairncentre.ca/,,no-list-found,,0,,
3558001,Neebing,http://www.neebing.org/,https://www.neebing.org/your-local-government/elections/election-2026/,found,,13,3558001.html,
3543007,New Tecumseth,http://www.town.newtecumseth.on.ca/,https://www.newtecumseth.ca/government/new-tecumseth-votes/,found-from-seed,B66109|B67091,29,3543007.html,
3539002,Newbury,http://www.newbury.ca/,,no-list-found,,0,,
3519048,Newmarket,http://www.newmarket.ca/,http://www.newmarket.ca/local-government/council/municipal-elections,found,B66095|B67075,2,3519048.html,
3526043,Niagara Falls,http://www.niagarafalls.ca/,https://niagarafalls.ca/city-government/elections/municipal-election-candidates/,found-from-seed,B66150|B67156,45,3526043.html,
3526047,Niagara-on-the-Lake,https://www.notl.com/,https://www.notl.com/elections,found,,27,3526047.html,
3558044,Nipigon,http://www.nipigon.net/,,unreachable,,0,,
3549071,Nipissing,http://nipissingtownship.com/,https://nipissingtownship.com/council/municipal-election-information/,found,B28037,1,3549071.html,
3528052,Norfolk County,https://www.norfolkcounty.ca/,https://www.norfolkcounty.ca/vote/certified-candidates/#,found,B66168,0,3528052.html,
3547070,North Algona Wilberforce,http://www.nalgonawil.com/,,no-list-found,,0,,
3548044,North Bay,http://www.cityofnorthbay.ca/,https://northbay.ca/city-government/2026-elections/registered-candidates-and-third-party-advertisers/,found-from-seed,B28037|B29017,43,3548044.html,
3530004,North Dumfries,http://www.northdumfries.ca/,https://www.northdumfries.ca/township-services/municipal-elections/,found,B66176|B67148,15,3530004.html,
3501030,North Dundas,http://www.northdundas.com/,http://www.northdundas.com/2026-municipal-election/certified-candidates,found,B66192|B67172,15,3501030.html,
3510045,North Frontenac,https://www.northfrontenac.com/,,no-list-found,,0,,
3501050,North Glengarry,http://www.northglengarry.ca/,http://www.northglengarry.ca/government/municipal-election/,found,,27,3501050.html,
3507065,North Grenville,http://www.northgrenville.ca/,,no-list-found,,0,,
3540055,North Huron,http://www.northhuron.ca/,https://www.northhuron.ca/municipal-government/elections/#,found,B67016,1,3540055.html,
3515037,North Kawartha,http://www.northkawartha.on.ca/,,no-list-found,,0,,
3539041,North Middlesex,http://www.northmiddlesex.on.ca/,https://www.northmiddlesex.on.ca/2026-municipal-election,found,B66044|B67032,1,3539041.html,
3531040,North Perth,http://www.northperth.ca/,http://www.northperth.ca/news/posts/list-of-certified-candidates-2026-municipal-election/,found,B66010,0,3531040.html,
3501042,North Stormont,http://www.northstormont.ca/,http://www.northstormont.ca/elections/become-candidate,found,B66192|B67172,2,3501042.html,
3551017,Northeastern Manitoulin and the Islands,http://www.townofnemi.on.ca/,,no-list-found,,0,,
3541069,Northern Bruce Peninsula,http://www.northbrucepeninsula.ca/,http://www.northbrucepeninsula.ca/news/posts/2026-municipal-elections-nomination-deadline-approaching/,found,,1,3541069.html,
3532002,Norwich,https://www.norwich.ca/,https://www.norwich.ca/our-township/elections/,found,B66044|B67032,27,3532002.html,
3558016,O'Connor,http://www.oconnortownship.ca/,https://www.oconnortownship.ca/2026-municipal-elections,found,,1,3558016.html,
3538018,Oil Springs,http://www.oilsprings.ca/,,no-list-found,,0,,
3558011,Oliver Paipoonge,https://www.oliverpaipoonge.ca/,,no-list-found,,0,,
3556073,Opasatika,http://opasatika.net/,,no-list-found,,0,,
3522014,Orangeville,http://www.orangeville.ca/,http://www.orangeville.ca/en/town-hall/elections.aspx,found,B66117|B67083,0,3522014.html,
3543052,Orillia,http://www.orillia.ca/,https://www.orillia.ca/my-government/council-and-committees/elections-and-voting/,found,B66109|B67091,32,3543052.html,
3543023,Oro-Medonte,http://www.oro-medonte.ca/,http://www.oro-medonte.ca/our-government/elections/,found,,1,3543023.html,
3515005,Otonabee-South Monaghan,http://www.osmtownship.ca/,http://www.osmtownship.ca/municipal-services/elections/,found,,3,3515005.html,
3506008,Ottawa,http://ottawa.ca/en,,no-list-found,,0,,
3548013,Papineau-Cameron,http://www.papineaucameron.ca/,,no-list-found,,0,,
3549032,Parry Sound,http://www.townofparrysound.com/,,no-list-found,,0,,
3537001,Pelee,http://www.pelee.org/,http://www.pelee.org/municipality/election/,found,B66028|B67024,12,3537001.html,
3526028,Pelham,http://www.pelham.ca/,http://www.pelham.ca/pelham-government/municipal-election/,found,B66150,27,3526028.html,
3547064,Pembroke,http://www.pembrokeontario.com/,,no-list-found,,0,,
3549014,Perry,http://www.townshipofperry.ca/,http://www.townshipofperry.ca/elections,found,B28037|B29017,14,3549014.html,
3509021,Perth,http://www.perth.ca/en/index.aspx,http://www.perth.ca/news/posts/notice-of-election-information-municipal-elections-act-1996-s-40/,found,,0,3509021.html,
3531030,Perth East,https://www.pertheast.ca/en/index.aspx,,no-list-found,,0,,
3531013,Perth South,http://www.perthsouth.ca/,https://www.perthsouth.ca/township-office/elections/#,found,B66010,12,3531013.html,
3547076,Petawawa,http://www.petawawa.ca/,,no-list-found,,0,,
3538019,Petrolia,http://town.petrolia.on.ca/,https://town.petrolia.on.ca/town-hall/elections-2/,found,B66036,19,3538019.html,
3560049,Pickle Lake,https://picklelake.ca/,,no-list-found,,0,,
3557019,Plummer Additional,https://plummertownship.ca/,https://plummertownship.ca/township-office/election/,found,,0,3557019.html,
3538035,Plympton-Wyoming,http://plympton-wyoming.com/,,no-list-found,,0,,
3538031,Point Edward,http://www.villageofpointedward.com/,,no-list-found,,0,,
3526011,Port Colborne,http://www.portcolborne.ca/,http://www.portcolborne.ca/en/city-hall/municipal-elections.aspx,found,B66150|B67156,26,3526011.html,
3514020,Port Hope,http://www.porthope.ca/,http://www.porthope.ca/en/your-municipal-government/information-for-candidates.aspx,found,,1,3514020.html,
3549060,Powassan,http://www.powassan.net/,http://www.powassan.net/content/localgovernment/municipal-elections,found,,10,3549060.html,
3507008,Prescott,http://www.prescott.ca/,https://www.prescott.ca/town-hall/municipal-elections/,found,,14,3507008.html,
3557066,Prince,https://www.princetownship.ca/,https://www.princetownship.ca/municipal-election-2026.html,found,B28010,0,3557066.html,
3513020,Prince Edward County,http://www.pecounty.on.ca/,,no-list-found,,0,,
3523001,Puslinch,https://puslinch.ca/,https://puslinch.ca/list-of-candidates/,found,B66117|B67130,8,3523001.html,
3512015,Quinte West,http://www.quintewest.ca/,,no-list-found,,0,,
3559042,Rainy River,http://www.rainyriver.ca/,http://www.rainyriver.ca/en/our-community/community-news-alerts/show/list-of-certified-candidates,found,B28053,0,3559042.html,
3543019,Ramara,http://www.ramara.ca/,http://www.ramara.ca/municipal-office/elections/#candidates,found,B66109|B67091,21,3543019.html,
3560042,Red Lake,http://www.red-lake.com/,,no-list-found,,0,,
3558041,Red Rock,http://www.redrocktownship.com/,,no-list-found,,0,,
3547048,Renfrew,http://www.renfrewontario.com/,,no-list-found,,0,,
3507040,Rideau Lakes,http://www.twprideaulakes.on.ca/,,no-list-found,,0,,
3502048,Russell,http://www.russell.ca/,,no-list-found,,0,,
3549024,Ryerson,http://www.ryersontownship.ca/,https://www.ryersontownship.ca/town-hall/2026-municipal-election,found,B29017,1,3549024.html,
3552023,Sables-Spanish Rivers,http://www.sables-spanish.ca/,,no-list-found,,0,,
3538030,Sarnia,http://www.sarnia.ca/,https://www.sarnia.ca/city-government/elections/2026-election/list-of-certified-candidates/,found-from-seed,B66036,52,3538030.html,
3541045,Saugeen Shores,http://www.saugeenshores.ca/,https://www.saugeenshores.ca/town-hall/elections/,found,B66001|B67008,24,3541045.html,
3558051,Schreiber,http://www.schreiber.ca/,,no-list-found,,0,,
3549003,Seguin,https://www.seguin.ca/,https://www.seguin.ca/elections,found,,1,3549003.html,
3515015,Selwyn,http://www.selwyntownship.ca/en/index.asp,http://www.selwyntownship.ca/local-government/election/,found,B66079,12,3515015.html,
3543015,Severn,http://www.townshipofsevern.com/,,no-list-found,,0,,
3522021,Shelburne,https://www.shelburne.ca/en/index.aspx/,https://www.shelburne.ca/town-hall/2026-municipal-election/2026-election-candidates-list/,found,B66117,15,3522021.html,
3558028,Shuniah,http://www.shuniah.org/,https://www.shuniah.org/election-2026/,found,,0,3558028.html,
3560008,Sioux Narrows-Nestor Falls,http://www.siouxnarrows-nestorfalls.ca/,,no-list-found,,0,,
3509004,Smiths Falls,http://www.smithsfalls.ca/,https://www.smithsfalls.ca/council-administration/elections/#,found,B66192|B67172,20,3509004.html,
3556048,Smooth Rock Falls,https://smoothrockfalls.ca/,https://smoothrockfalls.ca/municipal/elections/,found,B28002|B29009,1,3556048.html,
3548001,South Algonquin,https://www.southalgonquin.ca/,https://www.southalgonquin.ca/2026-municipal-election/,found,B66214,1,3548001.html,
3541004,South Bruce,http://www.town.southbruce.on.ca/,,no-list-found,,0,,
3541055,South Bruce Peninsula,http://www.southbrucepeninsula.com/,,no-list-found,,0,,
3501020,South Dundas,http://www.southdundas.com/,https://www.southdundas.com/municipalelection/list,found,B66192|B67172,0,3501020.html,
3510020,South Frontenac,https://www.southfrontenac.net/,https://www.southfrontenac.net/our-government/elections/,found,B66206,18,3510020.html,
3501005,South Glengarry,http://southglengarry.com/,http://southglengarry.com/municipal-services/elections/who-is-running/,found,,14,3501005.html,
3540005,South Huron,http://www.southhuron.ca/,http://www.southhuron.ca/news/posts/certified-candidates-for-2026-election/,found,B66010,18,3540005.html,
3549056,South River,http://www.southriverontario.com/,,no-list-found,,0,,
3501011,South Stormont,http://southstormont.ca/,http://southstormont.ca/your-local-government/municipal-elections/whos-running/,found,B66192|B67172,11,3501011.html,
3532012,South-West Oxford,http://www.swox.org/,http://www.swox.org/township-services/elections/,found,B66044|B67032,14,3532012.html,
3542005,Southgate,https://www.southgate.ca/en/index.aspx,https://www.southgate.ca/local-government/municipal-elections/candidate-information/,found,B66001,17,3542005.html,
3539005,Southwest Middlesex,http://www.southwestmiddlesex.ca/,http://www.southwestmiddlesex.ca/elections,found,B66044,15,3539005.html,
3534024,Southwold,https://www.southwold.ca/,https://www.southwold.ca/municipal-office/elections,found,B66044|B67032,8,3534024.html,
3557039,Spanish,http://www.townofspanish.com/,https://www.townofspanish.com/mayor-and-council/municipal-elections/2022-municipal-elections/,found,,0,3557039.html,
3543009,Springwater,http://www.springwater.ca/,https://www.springwater.ca/township-hall/mayor-and-council/elections/#,found,B66109|B67091,2,3543009.html,
3526053,St. Catharines,http://www.stcatharines.ca/,https://www.stcatharines.ca/council-and-administration/elections/registered-candidates/,found-from-seed,B66150|B67156,49,3526053.html,
3538003,St. Clair,http://www.twp.stclair.on.ca/,,no-list-found,,0,,
3557008,St. Joseph,http://www.stjosephtownship.com/,,no-list-found,,0,,
3531016,St. Marys,http://www.townofstmarys.com/,,no-list-found,,0,,
3552004,St.-Charles,http://www.stcharlesontario.ca/,,no-list-found,,0,,
3512020,Stirling-Rawdon,http://www.stirling-rawdon.com/,http://www.stirling-rawdon.com/news/posts/candidates-confirmed-for-the-2026-municipal-election/,found,,1,3512020.html,
3511030,Stone Mills,http://www.stonemills.com/,https://www.stonemills.com/our-government/elections/,found,B66206,20,3511030.html,
3539015,Strathroy-Caradoc,http://www.strathroy-caradoc.ca/,https://www.strathroy-caradoc.ca/city-hall/municipal-election/,found,B66044|B67032,2,3539015.html,
3549046,Strong,http://www.strongtownship.com/,http://www.strongtownship.com/local-government/municipal-election/,found,B28037|B29017,9,3549046.html,
3549048,Sundridge,http://www.sundridge.ca/,http://www.sundridge.ca/elections,found,,12,3549048.html,
3557014,Tarbutt and Tarbutt Additional,https://tarbutt.ca/,https://tarbutt.ca/municipal-election-2026/,found,,6,3557014.html,
3543071,Tay,http://www.tay.ca/,http://www.tay.ca/municipal-government/elections/,found,,4,3543071.html,
3509015,Tay Valley,http://www.tayvalleytwp.ca/,http://www.tayvalleytwp.ca/municipal-government/elections/,found,B66192|B67172,13,3509015.html,
3537048,Tecumseh,http://www.tecumseh.ca/,https://www.tecumseh.ca/town-government/tecumseh-votes-2026/2026-election-candidates/,found,B66028,24,3537048.html,
3551001,Tehkummah,https://tehkummah.ca/,,no-list-found,,0,,
3554020,Temiskaming Shores,http://www.temiskamingshores.ca/,http://www.temiskamingshores.ca/city-hall/elections/,found,B28002|B29009,1,3554020.html,
3558054,Terrace Bay,http://www.terracebay.ca/,https://www.terracebay.ca/town-hall/town-council/2026-municipal-election/2026-municipal-election-nomination-information/,found,B29076,17,3558054.html,
3539027,Thames Centre,http://www.thamescentre.on.ca/,http://www.thamescentre.on.ca/council-and-administration/2026-municipal-election/list-of-candidates/,found,B66044|B67032,16,3539027.html,
3549005,The Archipelago,http://www.thearchipelago.on.ca/,http://www.thearchipelago.on.ca/municipal_elections,found,B28037,21,3549005.html,
3542045,The Blue Mountains,http://www.thebluemountains.ca/,http://www.thebluemountains.ca/town-hall/council-committees/elections,found,B66001|B67008,18,3542045.html,
3502025,The Nation / La Nation,http://www.nationmun.ca/,http://www.nationmun.ca/town-hall/council-committees/elections/information-candidates,found,B66192|B67172,4,3502025.html,
3557040,The North Shore,http://www.townshipofthenorthshore.ca/,,no-list-found,,0,,
3557028,Thessalon,http://www.thessalon.ca/,,no-list-found,,0,,
3554038,Thornloe,,,no-website,,0,,
3526037,Thorold,http://www.thorold.com/,http://www.thorold.com/council-administration/elections/candidates/,found,B66150|B67156,1,3526037.html,
3558004,Thunder Bay,http://www.thunderbay.ca/,https://www.thunderbay.ca/en/city-hall/2026-election-candidate-profiles.aspx,found-from-seed,B28061|B29068,70,3558004.html,
3532004,Tillsonburg,https://www.tillsonburg.ca/,https://www.tillsonburg.ca/town-hall/2026-municipal-election/notice-of-candidates-for-office/,found,B67032,3,3532004.html,
3556027,Timmins,http://www.timmins.ca/,,no-list-found,,0,,
3520005,Toronto,http://www.toronto.ca/,https://www.toronto.ca/city-government/elections/,found,,0,3520005.html,
3514045,Trent Hills,http://www.trenthills.ca/,http://www.trenthills.ca/council-administration/elections/,found,B66079,29,3514045.html,
3515044,Trent Lakes,http://www.trentlakes.ca/,https://www.trentlakes.ca/government/election/official-list-of-candidates/,found,,15,3515044.html,
3512048,Tudor and Cashel,http://www.tudorandcashel.com/,,no-list-found,,0,,
3512030,Tweed,http://www.tweed.ca/,http://www.tweed.ca/municipalelectionc111,found,,0,3512030.html,
3556070,Val Rita-Harty,http://valharty.ca/en/,https://valharty.ca/municipality/2026elections/,found,B28002|B29009,1,3556070.html,
3526014,Wainfleet,http://www.wainfleet.ca/,http://www.wainfleet.ca/elections,found,B66150|B67156,2,3526014.html,
3538043,Warwick,http://www.warwicktownship.ca/,https://www.warwicktownship.ca/our-government/elections,found,B66036,1,3538043.html,
3543064,Wasaga Beach,http://www.wasagabeach.com/,http://www.wasagabeach.com/get-involved/elections/,found,B66109|B67091,20,3543064.html,
3557076,Wawa,http://www.wawa.cc/,http://www.wawa.cc/your-government/municipal-election-2026/,found,B28010,1,3557076.html,
3526032,Welland,http://www.welland.ca/,https://www.welland.ca/city-hall/municipal-elections/,found,B66150|B67156,1,3526032.html,
3530027,Wellesley,https://www.wellesley.ca/en/index.aspx,https://www.wellesley.ca/council-and-administration/election/,found,B66176|B67148,8,3530027.html,
3523050,Wellington North,http://www.wellington-north.com/,http://www.wellington-north.com/municipal-elections,found,B66117|B67130,23,3523050.html,
3534042,West Elgin,http://www.westelgin.net/,https://www.westelgin.net/municipal-office/elections,found,,12,3534042.html,
3542004,West Grey,http://www.westgrey.com/,http://www.westgrey.com/news/posts/2026-municipal-and-school-board-election-list-of-certified-candidates/,found,B66001,1,3542004.html,
3526021,West Lincoln,http://www.westlincoln.ca/,https://www.westlincoln.ca/township-office/elections/2026-municipal-and-school-board-election/#,found,B66150|B67156,19,3526021.html,
3548055,West Nipissing / Nipissing Ouest,http://www.westnipissing.ca/,https://www.westnipissing.ca/2026-registered-candidates/,found,B28037,40,3548055.html,
3531025,West Perth,https://www.westperth.com/en/index.aspx,https://www.westperth.com/government-administration/municipal-elections/#,found,B66010,1,3531025.html,
3507033,Westport,https://villageofwestport.ca/,,no-list-found,,0,,
3557091,White River,http://www.whiteriver.ca/,,no-list-found,,0,,
3549039,Whitestone,http://www.whitestone.ca/,https://www.whitestone.ca/p/elections,found,B28037,13,3549039.html,
3547056,Whitewater Region,http://www.whitewaterregion.ca/,,no-list-found,,0,,
3530020,Wilmot,http://www.wilmot.ca/,https://www.wilmot.ca/township-office/elections/,found,B66176|B67148,29,3530020.html,
3512054,Wollaston,https://wollaston.ca/,https://wollaston.ca/township-hall/2026-elections/,found,,0,3512054.html,
3530035,Woolwich,http://www.woolwich.ca/,https://www.woolwich.ca/learn-about/election/list-of-candidates-financial-statements/,found,B66176|B67148,17,3530035.html,
3532027,Zorra,http://www.zorra.on.ca/,http://www.zorra.on.ca/our-township/municipal-election/,found,,0,3532027.html,
